Puestos de trabajo de la C.A. de Euskadi por municipios, según sectores de actividad (% que representa cada municipio en su comarca). 2019
TOTAL;AGRICULTURA, GANADERIA Y PESCA;INDUSTRIA Y ENERGIA;CONSTRUCCION;SERVICIOS
Total;Industria manufacturera
ARABA
Añana;100;100;100;100;100;100
Añana;1,71361502347418;2,78481012658228;0,586510263929619;0;2,73972602739726;3,3033033033033
Armiñón;4,4131455399061;2,53164556962025;6,40971931294512;6,47635279079676;0,684931506849315;1,8018018018018
Berantevilla;29,2018779342723;13,1645569620253;39,2542940930038;39,7954835960801;40,4109589041096;14,7147147147147
Erriberagoitia/Ribera Alta;5,61032863849765;16,4556962025316;0,837871805613741;0,766936514699617;9,58904109589041;10,5105105105105
Kuartango;2,13615023474178;9,87341772151899;0,0837871805613741;0,0852151682999574;4,79452054794521;3,22822822822823
Lantarón;22,7230046948357;20,5063291139241;31,2526183493925;31,0609288453345;4,79452054794521;10,0600600600601
Ribera Baja/Erriberabeitia;23,7793427230047;5,31645569620253;18,7264348554671;18,9603749467405;20,5479452054795;38,6636636636637
Valdegovía/Gaubea;8,73239436619718;25,8227848101266;2,76497695852535;2,81210055389859;12,3287671232877;13,963963963964
Zambrana;1,69014084507042;3,54430379746835;0,0837871805613741;0,0426075841499787;4,10958904109589;3,75375375375375
Arabako Lautada / Llanada Alavesa;100;100;100;100;100;100
Agurain/Salvatierra;1,73326429044044;3,59477124183007;2,82035991160066;2,66971495999115;1,24781966993157;1,44862282951275
Alegría-Dulantzi;0,597652541641495;2,61437908496732;0,824358929385765;0,866551126516464;0,670870790285791;0,510933187165985
Arratzua-Ubarrundia;0,392681453352896;4,68409586056645;0,0841898481074824;0,0221247096131863;0,174426405474306;0,456120431454691
Asparrena;0,838583469980726;7,29847494553377;2,55375872592696;2,4300306058483;0,228096068697169;0,346494920032105
Barrundia;0,22438940191594;11,9825708061002;0,0596344757428;0,0626866772373613;0,308600563531464;0,158565471879099
Elburgo/Burgelu;0,172607232243031;4,35729847494553;0,0245553723646824;0,0221247096131863;0,147591573862874;0,178141456061704
Iruña Oka/Iruña de Oca;1,74764822646069;2,72331154684096;2,45553723646824;2,55540396032302;1,70401180732591;1,54454515200752
Iruraiz-Gauna;0,114352291361008;5,33769063180828;0,0245553723646824;0,0110623548065932;0,0805044948342949;0,0949435232856332
San Millán/Donemiliaga;0,261787635568597;11,6557734204793;0,0140316413512471;0,0147498064087909;0,0939219106400107;0,240784605446039
Vitoria-Gasteiz;93,8882655849947;44,3355119825708;91,1390184866875;91,345551089642;95,3307392996109;94,9953996437171
Zalduondo;0,0287678720405052;1,4161220043573;0;0;0,0134174158057158;0,0254487794373862
Arabako Mendialdea / Montaña Alavesa;100;100;100;100;100;100
Arraia-Maeztu;13,9784946236559;22,887323943662;17,3803526448363;9,66850828729282;27,6315789473684;9,51949229374433
Bernedo;51,5591397849462;23,943661971831;59,4458438287154;65,1933701657459;7,89473684210526;58,8395285584769
Campezo/Kanpezu;23,1182795698925;23,2394366197183;19,3954659949622;21,2707182320442;42,1052631578947;23,1187669990934
Harana/Valle de Arana;4,83870967741935;14,4366197183099;2,51889168765743;2,76243093922652;10,5263157894737;2,8105167724388
Lagrán;3,33333333333333;7,74647887323944;0;0;7,89473684210526;3,08250226654578
Peñacerrada-Urizaharra;3,17204301075269;7,74647887323944;1,25944584382872;1,10497237569061;3,94736842105263;2,62919310970082
Arabako Errioxa / Rioja Alavesa;100;100;100;100;100;100
Baños de Ebro/Mañueta;2,78436629885532;8,23045267489712;2,40336967294351;2,35176382286715;0,828729281767956;0,833796553640912
Elciego;8,0437248633598;10,2292768959436;7,11100099108028;7,15536652489367;3,86740331491713;8,4769316286826
Elvillar/Bilar;2,04186861916057;5,70252792475015;1,7591674925669;1,77633224918689;0;0,833796553640912
Kripan;0,587810663091678;1,88124632569077;0,12388503468781;0,125093820365274;0;0,555864369093941
Labastida/Bastida;7,08466536042075;5,99647266313933;5,4013875123885;5,35401551163373;6,353591160221;9,56086714841579
Laguardia;28,5758482004744;15,9318048206937;29,583746283449;29,2969727295472;22,9281767955801;33,9911061700945
Lanciego/Lantziego;5,21810869341033;8,11287477954145;4,26164519326065;4,30322742056542;6,62983425414365;4,78043357420789
Lapuebla de Labarca;7,27028978034444;8,93592004703116;7,58176412289395;7,65574180635477;6,353591160221;6,22568093385214
Leza;0,763122615241827;2,35155790711346;0,222993062438057;0,225168876657493;0;0,694830461367426
Moreda de Álava/Moreda Araba;0,989996906259668;1,7636684303351;0,594648166501487;0,600450337753315;0,828729281767956;1,08393551973319
Navaridas;1,28905847169228;3,35097001763668;0,619425173439049;0,62546910182637;6,353591160221;0,555864369093941
Oyón-Oion;26,6164793235021;10,0529100529101;32,1110009910803;32,3242431823868;41,9889502762431;26,7370761534186
Samaniego;2,84624110549655;4,40917107583774;3,09712586719524;3,12734550913185;0;2,11228460255698
Villabuena de Álava/Eskuernaga;4,39311127152728;9,05349794238683;4,65807730426164;4,7035276457343;1,93370165745856;2,14007782101167
Yécora/Iekora;1,49530782716304;3,99764844209289;0,470763131813677;0,375281461095822;1,93370165745856;1,41745414118955
Gorbeialdea / Estribaciones del Gorbea;100;100;100;100;100;100
Aramaio;5,34965621331544;25,5952380952381;2,80800280800281;2,79411764705882;3,6697247706422;5,6640625
Legutio;53,2450109005534;8,63095238095238;80,4141804141804;79,8897058823529;40,8256880733945;29,921875
Urkabustaiz;8,13348985410029;24,1071428571429;6,17760617760618;6,47058823529412;9,1743119266055;8,125
Zigoitia;17,6756666107664;18,452380952381;8,84520884520884;9,08088235294118;17,4311926605505;27,421875
Zuia;15,5961764212645;23,2142857142857;1,75500175500175;1,76470588235294;28,8990825688073;28,8671875
Arabako Kantaurialdea / Cantábrica Alavesa;100;100;100;100;100;100
Amurrio;35,283352265556;28,6440677966102;43,420840715091;43,2188065099458;33,5907335907336;29,8065296251511
Artziniega;3,44566452101477;8,30508474576271;2,770172330488;2,49876705572908;4,5045045045045;3,50665054413543
Ayala/Aiara;7,78114350624763;39,3220338983051;6,92543082622;6,9538056879829;11,4543114543115;5,82829504232164
Laudio/Llodio;50,3407800075729;13,728813559322;43,9201159607022;44,3037974683544;46,8468468468468;58,1015719467957
Okondo;3,14905969960873;10;2,96344016749879;3,02482327798784;3,6036036036036;2,75695284159613
BIZKAIA
Arratia-Nerbioi / Arratia-Nervión;100;100;100;100;100;100
Arakaldo;0,71518314487291;0,629722921914358;0,09765625;0,0992309600595386;4,59558823529412;0,814166497048647
Arantzazu;0,956799072194839;1,7632241813602;0,830078125;0,843463160506078;0,919117647058824;0,936291471605943
Areatza;2,57079346670533;3,5264483627204;0,244140625;0,248077400148846;2,75735294117647;4,33543659678404
Arrankudiaga;8,02164878708805;4,78589420654912;9,86328125;10,0223269660134;3,67647058823529;7,49033177284755
Artea;6,52363003769208;4,15617128463476;8,88671875;9,03001736541801;1,47058823529412;5,49562385507836
Dima;4,76466608678844;13,3501259445844;1,85546875;1,88538824113123;9,74264705882353;5,25137390596377
Igorre;30,6368995844206;9,31989924433249;51,7578125;52,046638551228;20,5882352941176;17,5859963362508
Orozko;12,5736928578332;22,544080604534;10,107421875;9,5261721657157;4,96323529411765;13,8611846122532
Otxandio;3,69189136947908;2,51889168765743;3,955078125;4,01885388241131;2,38970588235294;3,80622837370242
Ubide;0,347926935343578;1,13350125944584;0;0;0,183823529411765;0,52920822308162
Ugao-Miraballes;11,9454914467962;2,01511335012594;7,0556640625;7,16943686430166;35,4779411764706;15,0213718705475
Urduña/Orduña;10,2735092297284;12,8463476070529;3,4423828125;3,49789134209873;7,35294117647059;15,8762466924486
Zeanuri;3,82719628877936;11,9647355163728;0,6103515625;0,297692880178616;2,94117647058824;5,2920822308162
Zeberio;3,15067169227795;9,44584382871536;1,2939453125;1,31481022078889;2,94117647058824;3,70445756157134
Bilbo Handia / Gran Bilbao;100;100;100;100;100;100
Abanto y Ciérvana-Abanto Zierbena;1,21467659881162;4,75367329299914;4,32453754645297;4,63531475608933;2,35754308066392;0,679672424882845
Alonsotegi;0,264345931631597;3,45721694036301;1,27888388315652;1,38317252547062;0,165627092363534;0,121462372507581
Arrigorriaga;1,27195937618116;1,90146931719965;3,58751842547802;3,55126734588309;2,6852732847024;0,834443627676192
Barakaldo;8,49029362118712;6,30942091616249;4,07955654286129;4,1810044306502;8,79585579871022;9,08268629973353
Basauri;4,13891543043077;0,345721694036301;7,56742167874271;8,15959336976812;4,75737392959087;3,62692961499586
Berango;0,475400099071033;3,88936905790838;0,764008553574024;0,827654454265344;0,380589914367269;0,431866213360287
Bilbao;42,9040959533474;14,6067415730337;16,0088857516557;12,3068618851629;37,1462804383832;47,1871267113847
Derio;3,1519613482112;6,39585133967156;3,69340004567442;3,92236241369228;2,03686083800261;3,15716024993109
Erandio;4,11309122751827;5,09939498703544;6,95912139016339;6,49978633920338;7,7069457659372;3,42334374712855
Etxebarri;1,15927194529025;0,17286084701815;1,84358585753732;1,99716618311855;1,82894597737604;1,01333501791785
Galdakao;3,19140194902302;8,21089023336214;5,55774700521104;6,01623822054292;3,17863058110442;2,8484792796104
Getxo;5,07985547836988;2,93863439930856;1,16054560176054;1,16726266783618;3,63674807062057;5,74663465956078
Larrabetzu;0,350270097685917;5,44511668107174;0,417298150185812;0,440815959336977;0,137435246854847;0,34141551042911
Leioa;5,31743814516489;1,90146931719965;3,44634293188282;3,70420349504082;2,55840997991331;5,81239088486631
Lezama;0,285474824923643;5,70440795159896;0,788921875973177;0,854643186469649;0,253726609578179;0,200427271891942
Loiu;1,4386428677073;1,98789974070873;2,87126040650238;3,07221734925669;1,92056947527928;1,19940503537627
Muskiz;0,878727195468087;5,18582541054451;2,91485872070089;3,13069293569935;1,02900236106706;0,570557291188092
Ortuella;0,937183800242748;1,64217804667243;2,41451616251791;2,22432134583811;2,6359375550622;0,592093172838372
Portugalete;2,68759522674824;0,950734658599827;1,0941100753628;1,17400985088725;2,05448074144554;2,96534733069926
Santurtzi;2,71107177485051;5,79083837510804;1,10656673656238;1,15601736275105;3,30901786658209;2,87403519250207
Sestao;1,65368804832413;0;2,53493055411381;2,49870678991521;1,62455509743807;1,5396719654507
Sondika;0,836469408883995;0,950734658599827;2,470571137916;2,66063918314104;1,26158508651373;0,575438757695488
Valle de Trápaga-Trapagaran;2,83995802393199;3,19792566983578;5,69892249880624;6,07921192901963;3,31254184727068;2,40484011761463
Zamudio;3,85297107454508;4,23509075194468;14,2296593103162;15,3318489530621;4,69746625788491;2,34769824496922
Zaratamo;0,351209159610008;1,0371650821089;1,61521373554508;1,74077322717765;0,345350107481411;0,174584213911605
Zierbena;0,404031392840122;3,88936905790838;1,57161542134657;1,2842138407215;0,183246995806463;0,24895479187724
Durangaldea / Duranguesado;100;100;100;100;100;100
Abadiño;12,6962158374212;13,2505175983437;18,0454836959203;18,2997695621681;12,2199592668024;9,46747334371631
Amorebieta-Etxano;24,3552908199019;19,6687370600414;19,5254304178383;19,1614066726781;24,765784114053;27,3930753564155
Atxondo;1,71864050455501;6,7287784679089;2,84149770608258;2,88548241659152;0,733197556008147;0,964418353899605
Bedia;1,55746320953048;2,0703933747412;2,26925164027428;2,30437831880573;0,610997963340122;1,180064693902
Berriz;4,61107217939734;8,59213250517598;7,83385131468601;7,95511471796413;3,0142566191446;2,6566431053073
Durango;18,2638402242467;4,24430641821946;5,58433229737063;5,59062218214608;16,9857433808554;26,4616029711274
Elorrio;8,50735809390329;12,8364389233954;6,72882442898722;6,83298266706743;6,27291242362525;9,62621301066251
Ermua;8,88577435178697;0,31055900621118;9,51112426619308;9,61827472197175;17,9633401221996;8,08673775008985
Garai;0,1541695865452;1,96687370600414;0,0049331557397267;0,00500951808436028;0,325865580448065;0,17970528333533
Iurreta;7,114576033637;7,7639751552795;8,682354101919;8,56627592425609;5,86558044806517;6,23577333173595
Izurtza;0,804134548002803;1,96687370600414;1,64767401706872;1,67317904017634;0,203665987780041;0,302503893614472
Lemoa;4,01366503153469;7,34989648033126;3,81826254254847;3,69702434625789;7,04684317718941;3,81274709476459
Mallabia;3,67554309740715;7,86749482401656;7,87824971634355;7,94509568179541;0,733197556008147;1,21900083862466
Mañaria;0,423966362999299;2,48447204968944;0,695574959301465;0,485923254182948;0,529531568228106;0,191685635557685
Zaldibar;3,21829011913104;2,89855072463768;4,9331557397267;4,97946097585412;2,72912423625255;2,22235533724692
Enkartazioak / Encartaciones;100;100;100;100;100;100
Artzentales;2,05308425043929;7,20379146919431;0,315457413249211;0,343642611683849;2,58249641319943;1,64526484751204
Balmaseda;22,8798668269675;4,45497630331754;28,9589905362776;30,6529209621993;17,6470588235294;24,6789727126806
Galdames;3,70849902894664;7,96208530805687;9,71608832807571;10,0343642611684;3,87374461979914;1,81915462814339
Gordexola;6,73263664108018;6,63507109004739;7,19242902208202;6,73539518900344;9,61262553802009;6,38041733547352
Güeñes;18,1818181818182;7,29857819905213;17,4763406940063;16,9072164948454;17,2166427546628;19,9571963616907
Karrantza Harana/Valle de Carranza;10,6630907241284;43,0331753554502;7,38170347003155;6,39175257731959;6,74318507890961;7,15623327982879
Lanestosa;0,767594562101175;1,51658767772512;0,126182965299685;0,13745704467354;1,00430416068867;0,77581594435527
Sopuerta;8,22158512901138;7,96208530805687;6,24605678233438;5,56701030927835;6,74318507890961;8,81487426431247
Trucios-Turtzioz;1,62767039674466;5,02369668246445;1,32492113564669;1,44329896907216;1,14777618364419;1,2573568753344
Zalla;25,1641542587626;8,90995260663507;21,2618296529968;21,786941580756;33,428981348637;27,5147137506688
Gernika-Bermeo;100;100;100;100;100;100
Ajangiz;7,80202783983502;1,4052838673412;32,068679036278;33,2185886402754;0,786713286713287;1,55634898837316
Arratzu;1,07693188978633;1,57391793142215;0;0;0,786713286713287;1,38240410143733
Bermeo;33,3046915277539;63,9123102866779;23,2345610634173;23,5800344234079;31,0314685314685;31,8868442735512
Busturia;2,37154150197628;2,30466554243957;1,02464691221268;1,061388410786;2,0979020979021;2,85635814336721
Ea;1,37480666781234;2,07982012366498;1,74466906674051;1,80722891566265;1,92307692307692;1,08028929781196
Elantxobe;0,315059861373661;0,112422709387296;0;0;0,437062937062937;0,439439714364186
Ereño;0,400985278111932;1,74255199550309;0,166158958737192;0,057372346528973;0,174825174825175;0,28380481552687
Errigoiti;0,561379389356705;1,5177065767285;0,249238438105788;0,229489386115892;1,31118881118881;0,430284720314932
Forua;1,38626339004411;1,68634064080944;1,3846579894766;1,34825014343087;1,83566433566434;1,2908541609448
Gautegiz Arteaga;0,939451223005098;1,06801573917931;0,083079479368596;0,0860585197934596;0,524475524475524;1,24507919069853
Gernika-Lumo;38,3628343930801;4,4406970207982;27,277762392689;26,7641996557659;48,1643356643357;46,5256797583082
Ibarrangelu;0,968093028584522;1,46149522203485;0,110772639158128;0,114744693057946;0,611888111888112;1,20845921450151
Kortezubi;0,767600389528556;3,035413153457;0;0;0;0,732399523940309
Mendata;0,406713639227817;1,79876335019674;0;0;0,437062937062937;0,311269797674632
Morga;0,756143667296786;2,19224283305228;0,83079479368596;0,860585197934595;0,611888111888112;0,512679666758217
Mundaka;3,20788222489546;0,337268128161889;2,29853226253115;2,38095238095238;3,05944055944056;3,99157740547469
Murueta;0,595749556052014;0,786958965711074;1,08003323179175;1,11876075731497;0,786713286713287;0,384509750068662
Muxika;4,02703786446698;7,19505340078696;7,00636942675159;7,25760183591509;3,84615384615385;2,54508834569258
Nabarniz;0,406713639227817;1,12422709387296;0,110772639158128;0,114744693057946;1,57342657342657;0,265494827428362
Sukarrieta;0,968093028584522;0,224845418774592;1,32927166989754;0;0;1,0711343037627
Markina-Ondarroa;100;100;100;100;100;100
Amoroto;2,64694800301432;3,35861321776815;5,13612124614089;5,25560022975302;0,43859649122807;1,1455763130067
Aulesti;2,36435568952524;6,60888407367281;1,62784170642717;1,06260769672602;8,55263157894737;1,63905534014804
Berriatua;13,6115297663904;6,50054171180932;30,0870053325849;30,6720275703619;5,48245614035088;5,07578427916814
Etxebarria;12,5659382064808;4,87540628385699;31,911310693236;32,6536473291212;4,16666666666667;2,3440253789214
Gizaburuaga;2,79766390354182;1,08342361863489;5,64131349985967;5,77254451464675;3,7280701754386;1,21607331688403
Ispaster;1,61077618688772;5,85048754062839;0,196463654223969;0,201033888569787;1,75438596491228;1,79767359887205
Lekeitio;15,7215523737754;5,63380281690141;1,23491439797923;1,23492245835727;26,5350877192982;25,5904124074727
Markina-Xemein;20,5915599095705;20,3683640303359;16,5310131911311;16,2263067202757;30,7017543859649;22,3651744800846
Mendexa;1,30934438583271;2,8169014084507;0,673589671625035;0,689259046524986;1,09649122807018;1,48043708142404
Munitibar-Arbatzegi Gerrikaitz;2,50565184626978;3,46695557963164;0;0;0,87719298245614;4,05357772294677
Ondarroa;23,3421250941974;34,9945828819068;6,82009542520348;6,08845491097071;16,4473684210526;32,3757490306662
Ziortza-Bolibar;0,932554634513941;4,44203683640303;0,140331181588549;0,143595634692705;0,219298245614035;0,916461050405358
Plentzia-Mungia;100;100;100;100;100;100
Arrieta;0,847618145657733;12,3636363636364;0,127469725940089;0,132129486897159;0,673076923076923;0,439983500618727
Bakio;3,19159011270007;8;0,446144040790312;0,462453204140057;2,69230769230769;3,84298088821669
Barrika;2,01723648072734;2,3030303030303;0,0424899086466964;0,0440431622990531;1,34615384615385;2,68802419909253
Fruiz;0,501941471730277;3,03030303030303;0,106224771616741;0,110107905747633;0,384615384615385;0,494981438196068
Gamiz-Fika;1,96988351169618;13,3333333333333;0,722328446993839;0,748733759083902;2,69230769230769;1,6774370961089
Gatika;2,64229567193863;9,33333333333333;2,9955385595921;3,08302136093371;2,5;2,15866904991063
Gorliz;7,11241594847997;0,606060606060606;0,722328446993839;0,682669015635323;7,21153846153846;9,54214216966864
Laukiz;1,33061842977555;4,48484848484848;0,0637348629700446;0,0660647434485796;2,11538461538462;1,50556854117971
Lemoiz;1,17908892887584;7,51515151515151;0;0;1,15384615384615;1,20307988450433
Maruri-Jatabe;1,09858888152287;6,06060606060606;0,254939451880178;0,264258973794318;0,673076923076923;1,12058297813832
Meñaka;0,828676958045269;3,39393939393939;0,127469725940089;0,132129486897159;0,480769230769231;0,934964938814794
Mungia;44,5165261861919;20,4848484848485;71,7654557042702;71,8343977097556;46,7307692307692;36,9036161143957
Plentzia;4,35647315086656;1,33333333333333;0,297429360526875;0,308302136093372;4,61538461538462;5,82290664100096
Sopela;15,4702149824794;0,848484848484849;7,28701933290843;6,8046685752037;19,0384615384615;18,6924240340987
Urduliz;12,9368311393124;6,90909090909091;15,0414276609305;15,3270204800705;7,69230769230769;12,9726385260553
GIPUZKOA
Bidasoa Beherea / Bajo Bidasoa;100;100;100;100;100;100
Hondarribia;17,8564995496848;73,3858267716535;3,8399678327302;3,54330708661417;14,346190028222;19,4956011730205
Irun;82,1435004503152;26,6141732283465;96,1600321672698;96,4566929133858;85,653809971778;80,5043988269795
Debabarrena / Bajo Deba;100;100;100;100;100;100
Deba;12,4166509700509;29,5238095238095;17,4135305634109;17,5041969781757;8,56269113149847;9,05336721728081
Eibar;40,8250141269542;13,968253968254;21,4378942788775;20,0895355344152;53,2110091743119;52,4523506988564
Elgoibar;26,916556790356;22,2222222222222;38,7317815966935;39,5299384443201;22,0183486238532;20,5082592121982
Mendaro;8,61932567338482;8,25396825396825;11,7032847509245;11,9753777280358;4,58715596330275;7,08386277001271
Mutriku;5,91071764927482;18,7301587301587;4,74222318903633;4,79015109121433;6,21814475025484;6,06099110546379
Soraluze-Placencia de las Armas;5,31173478997928;7,3015873015873;5,97128562105721;6,11080022383884;5,4026503567788;4,84116899618806
Debagoiena / Alto Deba;100;100;100;100;100;100
Antzuola;2,63122349190912;7,77917189460477;3,80252233981875;3,84640041028271;3,47826086956522;1,39758030871923
Aretxabaleta;8,7446308452873;6,7754077791719;10,2668103175106;10,3468171036605;7,5098814229249;7,65540258656654
Arrasate/Mondragón;37,191020342005;13,2998745294856;23,1383484377971;22,9886531187897;27,1936758893281;50,4067584480601
Bergara;20,6175540967663;25,4705144291092;21,4335509221117;21,129559587153;35,8893280632411;18,7369628702545
Elgeta;2,40159926520247;3,01129234629862;3,9546232334115;4,00025642669402;0,553359683794466;1,22027534418023
Eskoriatza;6,52132803846881;12,7979924717691;6,82552759997465;6,90428873645746;7,27272727272727;5,96057571964956
Leintz-Gatzaga;0,162087689439987;1,88205771643664;0,0507002978642499;0,0320533367523559;0;0,192949520233625
Oñati;21,7305562309209;28,9836888331242;30,5279168515115;30,7519712802103;18,102766798419;14,4294952023363
Donostialdea;100;100;100;100;100;100
Andoain;3,52564823352149;8,10810810810811;9,01852017536011;9,5522533022533;5,12884872824632;2,49055331582126
Astigarraga;2,77284278228799;7,26351351351351;4,68372550773911;4,85625485625486;5,67269076305221;2,19205214288724
Donostia / San Sebastián;62,510963186183;14,7804054054054;21,2713608302765;20,7167832167832;51,7486613119143;70,2861397125961
Errenteria;6,3355971844289;7,09459459459459;9,33613670931377;9,9504662004662;8,0404953145917;5,71506833920971
Hernani;6,53349675039917;10,472972972973;22,0542184843876;19,0947940947941;7,31258366800535;3,99851100591384
Lasarte-Oria;3,48235770346549;3,80067567567568;5,59184038650801;6,07031857031857;6,22489959839357;2,91828793774319
Lezo;2,09312523894124;3,29391891891892;6,24496734365214;6,76961926961927;2,97021419009371;1,35765357007403
Oiartzun;5,79811995412328;18,5810810810811;10,208463809609;10,9362859362859;6,30856760374833;4,95652418210679
Pasaia;2,36017721006589;10,1351351351351;0,74706987563747;0,67016317016317;2,87817938420348;2,50530278554271
Urnieta;2,06895000787101;7,34797297297297;4,34821508454863;4,38034188034188;2,24230254350736;1,65264296450294
Usurbil;2,51872174871253;9,12162162162162;6,4954817929677;7,0027195027195;1,47255689424364;1,92726404360224
Goierri;100;100;100;100;100;100
Altzaga;0,13683145933726;0,995024875621891;0,00711237553342817;0,00720513005259745;0,289995166747221;0,175928172773599
Arama;1,20173716461419;0,895522388059702;1,2873399715505;1,30412853952014;0,773320444659256;1,20116476583354
Ataun;1,22553394015111;13,5323383084577;0,199146514935989;0,201743641472729;2,8032866118898;1,15263285610289
Beasain;27,5596406686894;6,76616915422886;34,9573257467994;35,1970603069385;24,2629289511841;22,9313273477311
Ezkio-Itsaso;2,3231602117913;5,07462686567164;3,75533428165007;3,80430866777145;1,11164813919768;1,08590148022325
Gabiria;0,734725444702243;4,5771144278607;0,519203413940256;0,525974493839614;2,46495891735138;0,467119631157486
Gaintza;0,127907668510917;1,99004975124378;0;0;0,0483325277912035;0,133462751759282
Idiazabal;4,92295793919924;10,4477611940298;6,64295874822191;6,72959146912602;5,5582406959884;3,03931084688182
Itsasondo;1,20768635849842;1,89054726368159;1,94167852062589;1,9670005043591;1,3533107781537;0,521718029604465
Lazkao;5,90754952703909;4,67661691542289;4,91465149359886;4,97874486634484;6,33156114064766;6,77626789614171
Legazpi;10,6550062466536;8,25870646766169;12,524893314367;12,4648749909936;8,79652005799903;9,43945644261102
Mutiloa;0,300434291153549;2,98507462686567;0,19203413940256;0,00720513005259745;0,338327694538424;0,224460082504247
Olaberria;6,26152656315069;2,78606965174129;8,33570412517781;8,44441242164421;1,15998066698888;5,3445765590876
Ordizia;10,2534356594681;2,48756218905473;4,76529160739687;4,64010375387276;18,3180280328661;14,3957777238534
Ormaiztegi;4,03355345350705;1,89054726368159;7,62446657183499;7,70228402622667;0,676655389076849;1,52268866779908
Segura;1,38318757808317;3,681592039801;0,803698435277383;0,814179695943512;0,434992750120831;1,85634554719728
Urretxu;7,66553631982866;4,07960199004975;5,02844950213371;4,69053966424094;13,3397776703722;9,42125697646202
Zaldibia;1,73121542031055;5,77114427860696;1,37268847795164;1,39059010015131;3,47994200096665;1,57122057752973
Zegama;1,52894282824677;7,36318407960199;1,44381223328592;1,45543627062468;1,25664572257129;1,28002911914584
Zerain;0,368850020822179;3,48258706467662;0,34850640113798;0,353051372577275;0;0,24265954865324
Zumarraga;10,4705812362425;6,3681592039801;3,33570412517781;3,32156495424742;7,20154664088932;17,2166949769473
Tolosaldea;100;100;100;100;100;100
Abaltzisketa;0,954003407155026;3,78006872852234;0,0116959064327485;0,0118063754427391;0,43343653250774;1,41552135626697
Aduna;4,69761499148211;2,74914089347079;7,48538011695906;7,52066115702479;3,8390092879257;3,03678709571229
Albiztur;0,843270868824532;3,52233676975945;1,12280701754386;1,05076741440378;0,371517027863777;0,452637642992346
Alegia;2,7427597955707;1,89003436426117;2,83040935672515;2,85714285714286;3,77708978328173;2,62529832935561
Alkiza;0,494037478705281;3,69415807560137;0,0233918128654971;0,0236127508854782;0,619195046439629;0,502016294955148
Altzo;1,57580919931857;1,71821305841924;2,50292397660819;2,52656434474616;0,804953560371517;1,01226236523743
Amezketa;2,06132879045997;7,0446735395189;3,01754385964912;3,04604486422668;1,671826625387;0,962883713274628
Anoeta;4,20357751277683;2,14776632302405;4,45614035087719;4,29752066115702;7,05882352941176;3,84330507777138
Asteasu;6,72913117546848;10,2233676975945;10,7017543859649;10,8028335301063;4,14860681114551;3,94206238169698
Baliarrain;0,281090289608177;0,945017182130584;0;0;1,73374613003096;0,222203933832606
Belauntza;1,98040885860307;1,20274914089347;4,09356725146199;3,96694214876033;1,671826625387;0,609003374207884
Berastegi;1,70783645655877;6,18556701030928;2,28070175438596;2,2668240850059;1,11455108359133;0,954653937947494
Berrobi;0,647359454855196;1,63230240549828;0,573099415204678;0,578512396694215;0,185758513931889;0,666611801497819
Bidania-Goiatz;0,856047700170358;4,46735395189003;0,619883040935673;0,625737898465171;1,05263157894737;0,650152250843552
Elduain;0,638841567291312;2,66323024054983;1,08771929824561;1,09799291617473;0,185758513931889;0,189284832524072
Gaztelu;0,187393526405451;1,89003436426117;0;0;0,247678018575851;0,148135955888404
Hernialde;0,336456558773424;1,80412371134021;0,0233918128654971;0,0236127508854782;0,804953560371517;0,353880339066743
Ibarra;9,01192504258944;3,60824742268041;13,6374269005848;13,7662337662338;8,42105263157895;6,35338655254712
Ikaztegieta;1,67802385008518;1,20274914089347;2,91228070175439;2,84533648170012;0,43343653250774;1,02049214056456
Irura;6,1839863713799;0,257731958762887;10,8070175438596;10,8972845336482;7,55417956656347;3,31659945683483
Larraul;0,787904599659284;1,97594501718213;0,0584795321637427;0,0590318772136954;8,1733746130031;0,205744383178339
Leaburu;1,0732538330494;1,80412371134021;1,41520467836257;1,42857142857143;1,05263157894737;0,765369105423422
Legorreta;2,68739352640545;3,26460481099656;3,64912280701754;3,57733175914994;1,91950464396285;2,05744383178339
Lizartza;1,38841567291312;2,74914089347079;2,14035087719298;2,16056670602125;0,681114551083591;0,822977532713357
Orendain;0,379045996592845;2,83505154639175;0,152046783625731;0,153482880755608;0,185758513931889;0,329191013085343
Orexa;0,178875638841567;1,11683848797251;0,0935672514619883;0,0944510035419126;0;0,172825281869805
Tolosa;31,3756388415673;12,6288659793814;13,8011695906433;13,7190082644628;20,9907120743034;46,9179491399885
Villabona;8,06218057921635;5,32646048109966;3,89473684210526;3,93152302243211;14,1795665634675;10,4435848901325
Zizurkil;6,25638841567291;5,67010309278351;6,60818713450292;6,67060212514758;6,68730650154799;6,00773598880751
Urola Kosta;100;100;100;100;100;100
Aia;3,84265908491368;13,3256083429896;5,00748783227256;5,10467450530542;4,64352720450281;2,28352490421456
Aizarnazabal;1,60916844974646;1,91193511008111;2,75177836016473;2,80087945703088;0,984990619136961;1,02681992337165
Azkoitia;15,9715098044963;11,7612977983778;21,7895919131411;21,1930025810152;15,1031894934334;13,2618135376756
Azpeitia;21,8014479584958;16,5701042873696;21,8363908648446;21,7092056208775;34,3339587242026;20,8786717752235
Beizama;0,199314124923059;2,02780996523754;0,0655185323848746;0,0669152088710448;0,281425891181989;0,102171136653895
Errezil;1,23985110062432;6,720741599073;1,98427555222763;2,02657489723736;0,328330206378987;0,449553001277139
Getaria;4,42887709939326;21,3209733487833;3,49120179707975;3,55606538571838;0,609756097560976;3,86717752234994
Orio;4,49336108098602;6,83661645422943;0,496068888056908;0,497084408756333;7,78611632270169;6,10983397190294
Zarautz;25,9606647712284;7,35805330243337;14,4608760763759;14,5014816939107;24,671669793621;34,0178799489144
Zestoa;7,50652167541108;9,15411355735805;11,5967802321228;11,7579581301979;3,51782363977486;5,5632183908046
Zumaia;12,9466248497816;3,01274623406721;16,5200299513291;16,7861581110792;7,73921200750469;12,4393358876117
SEC 2010. Base 2015.
Nota metodológica: los datos difundidos en el PIB Municipal se elaboran mediante estimaciones realizadas en base a la metodología establecida en el Sistema Europeo de Cuentas (SEC-2010).
Fuente: Eustat. PIB municipal
